{
  "fold": 1,
  "encodings": [
    "direct",
    "rate",
    "phase",
    "latency",
    "delta",
    "burst"
  ],
  "matrix": [
    [
      0.405,
      0.0525,
      0.0325,
      0.03,
      0.03,
      0.0975
    ],
    [
      0.07,
      0.2375,
      0.02,
      0.02,
      0.0475,
      0.055
    ],
    [
      0.035,
      0.0425,
      0.225,
      0.2075,
      0.035,
      0.0525
    ],
    [
      0.04,
      0.035,
      0.1625,
      0.14,
      0.04,
      0.0775
    ],
    [
      0.04,
      0.0325,
      0.02,
      0.02,
      0.0925,
      0.045
    ],
    [
      0.0425,
      0.0425,
      0.035,
      0.0325,
      0.07,
      0.05
    ]
  ],
  "diagonal_accuracies": {
    "direct": 0.405,
    "rate": 0.2375,
    "phase": 0.225,
    "latency": 0.14,
    "delta": 0.0925,
    "burst": 0.05
  },
  "diagonal_mean": 0.19166666666666668,
  "off_diagonal_mean": 0.05208333333333333,
  "transfer_ratio": 0.27173913043478254,
  "detailed": {
    "direct_to_direct": 0.405,
    "direct_to_rate": 0.0525,
    "direct_to_phase": 0.0325,
    "direct_to_latency": 0.03,
    "direct_to_delta": 0.03,
    "direct_to_burst": 0.0975,
    "rate_to_direct": 0.07,
    "rate_to_rate": 0.2375,
    "rate_to_phase": 0.02,
    "rate_to_latency": 0.02,
    "rate_to_delta": 0.0475,
    "rate_to_burst": 0.055,
    "phase_to_direct": 0.035,
    "phase_to_rate": 0.0425,
    "phase_to_phase": 0.225,
    "phase_to_latency": 0.2075,
    "phase_to_delta": 0.035,
    "phase_to_burst": 0.0525,
    "latency_to_direct": 0.04,
    "latency_to_rate": 0.035,
    "latency_to_phase": 0.1625,
    "latency_to_latency": 0.14,
    "latency_to_delta": 0.04,
    "latency_to_burst": 0.0775,
    "delta_to_direct": 0.04,
    "delta_to_rate": 0.0325,
    "delta_to_phase": 0.02,
    "delta_to_latency": 0.02,
    "delta_to_delta": 0.0925,
    "delta_to_burst": 0.045,
    "burst_to_direct": 0.0425,
    "burst_to_rate": 0.0425,
    "burst_to_phase": 0.035,
    "burst_to_latency": 0.0325,
    "burst_to_delta": 0.07,
    "burst_to_burst": 0.05
  }
}