{
  "folds": [
    1
  ],
  "ablation_rates": [
    0.0,
    0.1,
    0.2,
    0.3,
    0.4,
    0.5
  ],
  "num_mask_seeds": 5,
  "snn_mean": [
    0.395,
    0.2615,
    0.2285,
    0.16349999999999998,
    0.065,
    0.05399999999999999
  ],
  "snn_std": [
    0.0,
    0.0,
    0.0,
    0.0,
    0.0,
    0.0
  ],
  "ann_mean": [
    0.6325,
    0.24100000000000002,
    0.22599999999999998,
    0.1385,
    0.0865,
    0.07949999999999999
  ],
  "ann_std": [
    0.0,
    0.0,
    0.0,
    0.0,
    0.0,
    0.0
  ],
  "snn_per_fold": {
    "0.00": [
      0.395
    ],
    "0.10": [
      0.2615
    ],
    "0.20": [
      0.2285
    ],
    "0.30": [
      0.16349999999999998
    ],
    "0.40": [
      0.065
    ],
    "0.50": [
      0.05399999999999999
    ]
  },
  "ann_per_fold": {
    "0.00": [
      0.6325
    ],
    "0.10": [
      0.24100000000000002
    ],
    "0.20": [
      0.22599999999999998
    ],
    "0.30": [
      0.1385
    ],
    "0.40": [
      0.0865
    ],
    "0.50": [
      0.07949999999999999
    ]
  }
}