{
  "fold": 4,
  "num_samples": 400,
  "num_seeds": 5,
  "beta": 0.95,
  "num_steps": 25,
  "hidden_size": 256,
  "spike_density": 0.217184765625,
  "total_spikes": 555993,
  "drop_rates": [
    0.0,
    0.05,
    0.1,
    0.2,
    0.3,
    0.5
  ],
  "results": {
    "0.00": {
      "drop_rate": 0.0,
      "accuracies": [
        0.5375,
        0.5375,
        0.5375,
        0.5375,
        0.5375
      ],
      "mean": 0.5375,
      "std": 0.0
    },
    "0.05": {
      "drop_rate": 0.05,
      "accuracies": [
        0.5475,
        0.545,
        0.55,
        0.5525,
        0.5525
      ],
      "mean": 0.5495000000000001,
      "std": 0.0029154759474226376
    },
    "0.10": {
      "drop_rate": 0.1,
      "accuracies": [
        0.545,
        0.5525,
        0.55,
        0.5275,
        0.5275
      ],
      "mean": 0.5405,
      "std": 0.010885770528538645
    },
    "0.20": {
      "drop_rate": 0.2,
      "accuracies": [
        0.535,
        0.5325,
        0.5525,
        0.555,
        0.5425
      ],
      "mean": 0.5435,
      "std": 0.009027735042633907
    },
    "0.30": {
      "drop_rate": 0.3,
      "accuracies": [
        0.5225,
        0.5475,
        0.5375,
        0.5375,
        0.5575
      ],
      "mean": 0.5405,
      "std": 0.011661903789690611
    },
    "0.50": {
      "drop_rate": 0.5,
      "accuracies": [
        0.5325,
        0.5475,
        0.485,
        0.515,
        0.5
      ],
      "mean": 0.516,
      "std": 0.022282279955157188
    }
  },
  "spinnaker_actual_accuracy": 0.43,
  "analysis": {
    "clean_accuracy": 0.5375,
    "worst_drop_rate": 0.5,
    "worst_accuracy": 0.516,
    "absolute_degradation": 0.021499999999999964,
    "relative_degradation": 0.03999999999999993,
    "spinnaker_equivalent_drop_rate": 0.5,
    "spinnaker_equivalent_simulated_acc": 0.516
  }
}