{
  "encoding": "direct",
  "sparsity_levels": [
    0.0,
    0.1,
    0.3,
    0.5,
    0.7,
    0.9
  ],
  "snn_means": {
    "0.0": {
      "mean": 0.5425,
      "std": 0.05091659847240387
    },
    "0.1": {
      "mean": 0.5425,
      "std": 0.050769085081376036
    },
    "0.3": {
      "mean": 0.5335,
      "std": 0.054074023338383105
    },
    "0.5": {
      "mean": 0.538,
      "std": 0.056488936969994415
    },
    "0.7": {
      "mean": 0.49149999999999994,
      "std": 0.06386704940734307
    },
    "0.9": {
      "mean": 0.33049999999999996,
      "std": 0.06269768735766895
    }
  },
  "ann_means": {
    "0.0": {
      "mean": 0.6185,
      "std": 0.0455686295602578
    },
    "0.1": {
      "mean": 0.6185,
      "std": 0.0455686295602578
    },
    "0.3": {
      "mean": 0.6185,
      "std": 0.0455686295602578
    },
    "0.5": {
      "mean": 0.617,
      "std": 0.04308131845707604
    },
    "0.7": {
      "mean": 0.615,
      "std": 0.047355041970206284
    },
    "0.9": {
      "mean": 0.35,
      "std": 0.10987492889645027
    }
  }
}