{
  "fold_1": {
    "1": 0.21,
    "2": 0.315,
    "3": 0.39,
    "5": 0.495,
    "7": 0.5575,
    "10": 0.5575,
    "15": 0.5725,
    "20": 0.585,
    "25": 0.58
  },
  "fold_2": {
    "1": 0.1225,
    "2": 0.2075,
    "3": 0.25,
    "5": 0.3525,
    "7": 0.42,
    "10": 0.465,
    "15": 0.49,
    "20": 0.5225,
    "25": 0.5175
  },
  "fold_3": {
    "1": 0.0925,
    "2": 0.1675,
    "3": 0.215,
    "5": 0.29,
    "7": 0.3725,
    "10": 0.425,
    "15": 0.45,
    "20": 0.465,
    "25": 0.465
  },
  "fold_4": {
    "1": 0.1825,
    "2": 0.285,
    "3": 0.395,
    "5": 0.5175,
    "7": 0.56,
    "10": 0.58,
    "15": 0.615,
    "20": 0.6225,
    "25": 0.6125
  },
  "fold_5": {
    "1": 0.1525,
    "2": 0.215,
    "3": 0.2775,
    "5": 0.35,
    "7": 0.41,
    "10": 0.47,
    "15": 0.515,
    "20": 0.53,
    "25": 0.5375
  },
  "mean": {
    "1": 0.152,
    "2": 0.238,
    "3": 0.3055,
    "5": 0.40099999999999997,
    "7": 0.4640000000000001,
    "10": 0.49949999999999994,
    "15": 0.5285,
    "20": 0.5450000000000002,
    "25": 0.5425
  },
  "std": {
    "1": 0.04172529209005013,
    "2": 0.05397684688827238,
    "3": 0.07376313442364012,
    "5": 0.08908703609392335,
    "7": 0.07897151385151487,
    "10": 0.059084684986889784,
    "15": 0.058728187440104086,
    "20": 0.05429088321256157,
    "25": 0.05091659847240387
  },
  "encoding": "direct",
  "timestep_values": [
    1,
    2,
    3,
    5,
    7,
    10,
    15,
    20,
    25
  ]
}