{
  "fold": 1,
  "encoding": "direct",
  "sparsity_levels": [
    0.0,
    0.1,
    0.3,
    0.5,
    0.7,
    0.9
  ],
  "snn_results": {
    "0.0": {
      "accuracy": 0.405,
      "actual_weight_sparsity": 0.003586830587023687
    },
    "0.1": {
      "accuracy": 0.405,
      "actual_weight_sparsity": 0.003586830587023687
    },
    "0.3": {
      "accuracy": 0.4175,
      "actual_weight_sparsity": 0.003586830587023687
    },
    "0.5": {
      "accuracy": 0.3975,
      "actual_weight_sparsity": 0.003586830587023687
    },
    "0.7": {
      "accuracy": 0.3875,
      "actual_weight_sparsity": 0.003586830587023687
    },
    "0.9": {
      "accuracy": 0.3775,
      "actual_weight_sparsity": 0.003586830587023687
    }
  },
  "ann_results": {
    "0.0": {
      "accuracy": 0.6325,
      "actual_weight_sparsity": 0.0
    },
    "0.1": {
      "accuracy": 0.6325,
      "actual_weight_sparsity": 0.0
    },
    "0.3": {
      "accuracy": 0.6325,
      "actual_weight_sparsity": 0.0
    },
    "0.5": {
      "accuracy": 0.63,
      "actual_weight_sparsity": 0.0
    },
    "0.7": {
      "accuracy": 0.625,
      "actual_weight_sparsity": 0.0
    },
    "0.9": {
      "accuracy": 0.2325,
      "actual_weight_sparsity": 0.0
    }
  },
  "snn_baseline": 0.405,
  "ann_baseline": 0.6325
}