{
  "snn_vs_ann": {
    "label": "SNN direct vs ANN",
    "x_mean": 0.4715,
    "x_std": 0.04498888751680797,
    "y_mean": 0.617,
    "y_std": 0.04580938768418543,
    "difference_mean": -0.14550000000000002,
    "t_statistic": -6.542217248004766,
    "t_p_value": 0.0028213781854018677,
    "wilcoxon_statistic": 0.0,
    "wilcoxon_p_value": 0.0625,
    "cohens_d": -2.9257684980220517,
    "significant_005": true,
    "n": 5
  },
  "encoding_pairwise": {
    "direct_vs_rate": {
      "label": "direct vs rate",
      "x_mean": 0.4715,
      "x_std": 0.04498888751680797,
      "y_mean": 0.24,
      "y_std": 0.01903943276465978,
      "difference_mean": 0.23150000000000004,
      "t_statistic": 8.388424495565738,
      "t_p_value": 0.0011050043672010854,
      "wilcoxon_statistic": 0.0,
      "wilcoxon_p_value": 0.0625,
      "cohens_d": 3.7514174792418746,
      "significant_005": true,
      "n": 5
    },
    "direct_vs_phase": {
      "label": "direct vs phase",
      "x_mean": 0.4715,
      "x_std": 0.04498888751680797,
      "y_mean": 0.2415,
      "y_std": 0.016628289148315895,
      "difference_mean": 0.23000000000000004,
      "t_statistic": 9.863435320507714,
      "t_p_value": 0.0005927194765745325,
      "wilcoxon_statistic": 0.0,
      "wilcoxon_p_value": 0.0625,
      "cohens_d": 4.411062373665534,
      "significant_005": true,
      "n": 5
    },
    "direct_vs_population": {
      "label": "direct vs population",
      "x_mean": 0.4715,
      "x_std": 0.04498888751680797,
      "y_mean": 0.19149999999999998,
      "y_std": 0.027865749586185547,
      "difference_mean": 0.27999999999999997,
      "t_statistic": 10.385518060387316,
      "t_p_value": 0.0004853566520683132,
      "wilcoxon_statistic": 0.0,
      "wilcoxon_p_value": 0.0625,
      "cohens_d": 4.644544872915561,
      "significant_005": true,
      "n": 5
    },
    "direct_vs_latency": {
      "label": "direct vs latency",
      "x_mean": 0.4715,
      "x_std": 0.04498888751680797,
      "y_mean": 0.16299999999999998,
      "y_std": 0.016232683080747923,
      "difference_mean": 0.3085,
      "t_statistic": 13.483319490726913,
      "t_p_value": 0.00017506677845394365,
      "wilcoxon_statistic": 0.0,
      "wilcoxon_p_value": 0.0625,
      "cohens_d": 6.029923788722645,
      "significant_005": true,
      "n": 5
    },
    "direct_vs_delta": {
      "label": "direct vs delta",
      "x_mean": 0.4715,
      "x_std": 0.04498888751680797,
      "y_mean": 0.0725,
      "y_std": 0.009354143466934854,
      "difference_mean": 0.399,
      "t_statistic": 17.428317295125368,
      "t_p_value": 6.362929253543018e-05,
      "wilcoxon_statistic": 0.0,
      "wilcoxon_p_value": 0.0625,
      "cohens_d": 7.794180441067117,
      "significant_005": true,
      "n": 5
    },
    "direct_vs_burst": {
      "label": "direct vs burst",
      "x_mean": 0.4715,
      "x_std": 0.04498888751680797,
      "y_mean": 0.065,
      "y_std": 0.015411035007422441,
      "difference_mean": 0.40650000000000003,
      "t_statistic": 18.18377917025106,
      "t_p_value": 5.37908779726438e-05,
      "wilcoxon_statistic": 0.0,
      "wilcoxon_p_value": 0.0625,
      "cohens_d": 8.132033262505217,
      "significant_005": true,
      "n": 5
    }
  },
  "rate_vs_phase": {
    "label": "rate vs phase",
    "x_mean": 0.24,
    "x_std": 0.01903943276465978,
    "y_mean": 0.2415,
    "y_std": 0.016628289148315895,
    "difference_mean": -0.0015000000000000013,
    "t_statistic": -0.09539445011233406,
    "t_p_value": 0.9285894796796746,
    "wilcoxon_statistic": 6.5,
    "wilcoxon_p_value": 0.875,
    "cohens_d": -0.042661695025478286,
    "significant_005": false,
    "n": 5
  },
  "adversarial_fgsm": {
    "fgsm_eps_0.0": {
      "label": "FGSM eps=0.0: SNN vs ANN",
      "x_mean": 0.5425,
      "x_std": 0.05091659847240387,
      "y_mean": 0.6185,
      "y_std": 0.0455686295602578,
      "difference_mean": -0.07600000000000001,
      "t_statistic": -3.4972574901422053,
      "t_p_value": 0.024958088687186717,
      "wilcoxon_statistic": 0.0,
      "wilcoxon_p_value": 0.0625,
      "cohens_d": -1.5640210965556542,
      "significant_005": true,
      "n": 5
    },
    "fgsm_eps_0.01": {
      "label": "FGSM eps=0.01: SNN vs ANN",
      "x_mean": 0.3355,
      "x_std": 0.0373965239026303,
      "y_mean": 0.2105,
      "y_std": 0.04368638231760557,
      "difference_mean": 0.125,
      "t_statistic": 6.741998624632423,
      "t_p_value": 0.0025225558648628937,
      "wilcoxon_statistic": 0.0,
      "wilcoxon_p_value": 0.0625,
      "cohens_d": 3.015113445777637,
      "significant_005": true,
      "n": 5
    },
    "fgsm_eps_0.02": {
      "label": "FGSM eps=0.02: SNN vs ANN",
      "x_mean": 0.293,
      "x_std": 0.04299418565341133,
      "y_mean": 0.0975,
      "y_std": 0.021851773383412158,
      "difference_mean": 0.1955,
      "t_statistic": 11.11037587842422,
      "t_p_value": 0.0003733686809612422,
      "wilcoxon_statistic": 0.0,
      "wilcoxon_p_value": 0.0625,
      "cohens_d": 4.9687111439460985,
      "significant_005": true,
      "n": 5
    },
    "fgsm_eps_0.05": {
      "label": "FGSM eps=0.05: SNN vs ANN",
      "x_mean": 0.22749999999999998,
      "x_std": 0.04114000486144842,
      "y_mean": 0.0505,
      "y_std": 0.019131126469708992,
      "difference_mean": 0.177,
      "t_statistic": 7.83097686618582,
      "t_p_value": 0.001435787263400979,
      "wilcoxon_statistic": 0.0,
      "wilcoxon_p_value": 0.0625,
      "cohens_d": 3.5021193206039536,
      "significant_005": true,
      "n": 5
    },
    "fgsm_eps_0.1": {
      "label": "FGSM eps=0.1: SNN vs ANN",
      "x_mean": 0.16549999999999998,
      "x_std": 0.05489535499475343,
      "y_mean": 0.027500000000000004,
      "y_std": 0.006123724356957945,
      "difference_mean": 0.13799999999999998,
      "t_statistic": 5.031924012285425,
      "t_p_value": 0.0073235630195416165,
      "wilcoxon_statistic": 0.0,
      "wilcoxon_p_value": 0.0625,
      "cohens_d": 2.2503448298167394,
      "significant_005": true,
      "n": 5
    },
    "fgsm_eps_0.2": {
      "label": "FGSM eps=0.2: SNN vs ANN",
      "x_mean": 0.1325,
      "x_std": 0.06767569726275452,
      "y_mean": 0.025,
      "y_std": 0.006892024376045109,
      "difference_mean": 0.10750000000000001,
      "t_statistic": 3.2032516775389257,
      "t_p_value": 0.032799009907553314,
      "wilcoxon_statistic": 0.0,
      "wilcoxon_p_value": 0.0625,
      "cohens_d": 1.4325377000034547,
      "significant_005": true,
      "n": 5
    },
    "fgsm_eps_0.3": {
      "label": "FGSM eps=0.3: SNN vs ANN",
      "x_mean": 0.122,
      "x_std": 0.07122850552973858,
      "y_mean": 0.0225,
      "y_std": 0.0022360679774997903,
      "difference_mean": 0.0995,
      "t_statistic": 2.875764581382614,
      "t_p_value": 0.04520538108788508,
      "wilcoxon_statistic": 0.0,
      "wilcoxon_p_value": 0.0625,
      "cohens_d": 1.28608101825155,
      "significant_005": true,
      "n": 5
    }
  },
  "noise_robustness": {
    "clean": {
      "label": "Noise clean: SNN vs ANN",
      "x_mean": 0.5425,
      "x_std": 0.05091659847240387,
      "y_mean": 0.6185,
      "y_std": 0.0455686295602578,
      "difference_mean": -0.07600000000000001,
      "t_statistic": -3.4972574901422053,
      "t_p_value": 0.024958088687186717,
      "wilcoxon_statistic": 0.0,
      "wilcoxon_p_value": 0.0625,
      "cohens_d": -1.5640210965556542,
      "significant_005": true,
      "n": 5
    },
    "20dB": {
      "label": "Noise 20dB: SNN vs ANN",
      "x_mean": 0.319,
      "x_std": 0.026343879744638993,
      "y_mean": 0.37250000000000005,
      "y_std": 0.034999999999999996,
      "difference_mean": -0.053500000000000006,
      "t_statistic": -2.4934342236224927,
      "t_p_value": 0.06723690208867067,
      "wilcoxon_statistic": 1.0,
      "wilcoxon_p_value": 0.125,
      "cohens_d": -1.1150976842888614,
      "significant_005": false,
      "n": 5
    },