{
  "folds": [
    1,
    2,
    3,
    4,
    5
  ],
  "encoding": "direct",
  "snr_levels_db": [
    "inf",
    20.0,
    10.0,
    5.0,
    0.0,
    -5.0
  ],
  "snr_labels": [
    "clean",
    "20dB",
    "10dB",
    "5dB",
    "0dB",
    "-5dB"
  ],
  "snn": {
    "per_fold": {
      "clean": [
        0.58,
        0.5175,
        0.465,
        0.6125,
        0.5375
      ],
      "20dB": [
        0.3475,
        0.2925,
        0.2825,
        0.3325,
        0.34
      ],
      "10dB": [
        0.2125,
        0.175,
        0.17,
        0.1875,
        0.1925
      ],
      "5dB": [
        0.1275,
        0.1325,
        0.095,
        0.1225,
        0.1425
      ],
      "0dB": [
        0.0525,
        0.065,
        0.07,
        0.0675,
        0.0975
      ],
      "-5dB": [
        0.02,
        0.0275,
        0.04,
        0.025,
        0.055
      ]
    },
    "mean": [
      0.5425,
      0.319,
      0.1875,
      0.124,
      0.07050000000000001,
      0.033499999999999995
    ],
    "std": [
      0.05091659847240387,
      0.026343879744638993,
      0.014916433890176295,
      0.015937377450509223,
      0.014781745499094483,
      0.012609520212918491
    ]
  },
  "ann": {
    "per_fold": {
      "clean": [
        0.5875,
        0.6575,
        0.5625,
        0.685,
        0.6
      ],
      "20dB": [
        0.365,
        0.385,
        0.35,
        0.4325,
        0.33
      ],
      "10dB": [
        0.19,
        0.24,
        0.1475,
        0.265,
        0.235
      ],
      "5dB": [
        0.115,
        0.145,
        0.0975,
        0.19,
        0.1975
      ],
      "0dB": [
        0.075,
        0.05,
        0.03,
        0.0775,
        0.115
      ],
      "-5dB": [
        0.0375,
        0.02,
        0.0225,
        0.03,
        0.0425
      ]
    },
    "mean": [
      0.6185,
      0.37250000000000005,
      0.21550000000000002,
      0.14900000000000002,
      0.06949999999999999,
      0.0305
    ],
    "std": [
      0.0455686295602578,
      0.034999999999999996,
      0.04172529209005014,
      0.0396421492858296,
      0.02865309756378881,
      0.008573214099741124
    ]
  },
  "analysis": {
    "clean_snn": 0.5425,
    "clean_ann": 0.6185,
    "worst_snr_label": "-5dB",
    "worst_snn": 0.033499999999999995,
    "worst_ann": 0.0305,
    "absolute_drop_snn": 0.509,
    "absolute_drop_ann": 0.5880000000000001,
    "relative_drop_snn": 0.9382488479262673,
    "relative_drop_ann": 0.9506871463217462,
    "snn_more_robust": true
  }
}