{
  "fold": 1,
  "encoding": "direct",
  "fractions": [
    1.0,
    0.5,
    0.25,
    0.1,
    0.05
  ],
  "snn_accuracies": {
    "1.0": 0.475,
    "0.5": 0.3325,
    "0.25": 0.2475,
    "0.1": 0.095,
    "0.05": 0.0575
  },
  "ann_accuracies": {
    "1.0": 0.645,
    "0.5": 0.53,
    "0.25": 0.4025,
    "0.1": 0.2025,
    "0.05": 0.165
  },
  "gaps": {
    "1.0": 0.17000000000000004,
    "0.5": 0.1975,
    "0.25": 0.15500000000000003,
    "0.1": 0.10750000000000001,
    "0.05": 0.10750000000000001
  }
}