{
  "folds": [
    1,
    2,
    3,
    4,
    5
  ],
  "ablation_rates": [
    0.0,
    0.1,
    0.2,
    0.3,
    0.4,
    0.5
  ],
  "num_mask_seeds": 5,
  "snn_mean": [
    0.5115000000000001,
    0.3339,
    0.2116,
    0.13540000000000002,
    0.0805,
    0.0494
  ],
  "snn_std": [
    0.05192783453986888,
    0.07772798723754529,
    0.036536830732837255,
    0.03371557503587919,
    0.02482136176763878,
    0.00848174510345601
  ],
  "ann_mean": [
    0.6185,
    0.372,
    0.20190000000000002,
    0.14679999999999999,
    0.085,
    0.0601
  ],
  "ann_std": [
    0.0455686295602578,
    0.04377213725647856,
    0.031539499044848505,
    0.025740240869113872,
    0.016284962388657828,
    0.01985044080115099
  ],
  "snn_per_fold": {
    "0.00": [
      0.5325,
      0.475,
      0.44000000000000006,
      0.5925,
      0.5175
    ],
    "0.10": [
      0.3995,
      0.335,
      0.26399999999999996,
      0.438,
      0.23299999999999996
    ],
    "0.20": [
      0.28300000000000003,
      0.18,
      0.20399999999999996,
      0.19649999999999998,
      0.19449999999999998
    ],
    "0.30": [
      0.18,
      0.1385,
      0.119,
      0.158,
      0.08149999999999999
    ],
    "0.40": [
      0.1275,
      0.06949999999999999,
      0.05450000000000001,
      0.079,
      0.072
    ],
    "0.50": [
      0.054000000000000006,
      0.05449999999999999,
      0.05600000000000001,
      0.049499999999999995,
      0.033
    ]
  },
  "ann_per_fold": {
    "0.00": [
      0.5875,
      0.6575,
      0.5625,
      0.685,
      0.6
    ],
    "0.10": [
      0.3165,
      0.44349999999999995,
      0.347,
      0.35750000000000004,
      0.3955
    ],
    "0.20": [
      0.197,
      0.21150000000000002,
      0.20600000000000002,
      0.14850000000000002,
      0.2465
    ],
    "0.30": [
      0.17150000000000004,
      0.1305,
      0.18249999999999997,
      0.11499999999999999,
      0.1345
    ],
    "0.40": [
      0.1,
      0.06350000000000001,
      0.07550000000000001,
      0.07849999999999999,
      0.10750000000000001
    ],
    "0.50": [
      0.059,
      0.05449999999999999,
      0.031,
      0.063,
      0.093
    ]
  }
}