{
  "fold": 2,
  "encodings": [
    "direct",
    "rate",
    "phase",
    "latency",
    "delta",
    "burst"
  ],
  "matrix": [
    [
      0.5175,
      0.04,
      0.055,
      0.0375,
      0.035,
      0.105
    ],
    [
      0.06,
      0.27,
      0.02,
      0.02,
      0.0475,
      0.07
    ],
    [
      0.0475,
      0.0325,
      0.275,
      0.285,
      0.0275,
      0.0775
    ],
    [
      0.0425,
      0.0325,
      0.17,
      0.1575,
      0.0125,
      0.0575
    ],
    [
      0.0525,
      0.02,
      0.015,
      0.015,
      0.065,
      0.0775
    ],
    [
      0.045,
      0.04,
      0.0775,
      0.0725,
      0.0325,
      0.0525
    ]
  ],
  "diagonal_accuracies": {
    "direct": 0.5175,
    "rate": 0.27,
    "phase": 0.275,
    "latency": 0.1575,
    "delta": 0.065,
    "burst": 0.0525
  },
  "diagonal_mean": 0.22291666666666665,
  "off_diagonal_mean": 0.05741666666666667,
  "transfer_ratio": 0.25757009345794396,
  "detailed": {
    "direct_to_direct": 0.5175,
    "direct_to_rate": 0.04,
    "direct_to_phase": 0.055,
    "direct_to_latency": 0.0375,
    "direct_to_delta": 0.035,
    "direct_to_burst": 0.105,
    "rate_to_direct": 0.06,
    "rate_to_rate": 0.27,
    "rate_to_phase": 0.02,
    "rate_to_latency": 0.02,
    "rate_to_delta": 0.0475,
    "rate_to_burst": 0.07,
    "phase_to_direct": 0.0475,
    "phase_to_rate": 0.0325,
    "phase_to_phase": 0.275,
    "phase_to_latency": 0.285,
    "phase_to_delta": 0.0275,
    "phase_to_burst": 0.0775,
    "latency_to_direct": 0.0425,
    "latency_to_rate": 0.0325,
    "latency_to_phase": 0.17,
    "latency_to_latency": 0.1575,
    "latency_to_delta": 0.0125,
    "latency_to_burst": 0.0575,
    "delta_to_direct": 0.0525,
    "delta_to_rate": 0.02,
    "delta_to_phase": 0.015,
    "delta_to_latency": 0.015,
    "delta_to_delta": 0.065,
    "delta_to_burst": 0.0775,
    "burst_to_direct": 0.045,
    "burst_to_rate": 0.04,
    "burst_to_phase": 0.0775,
    "burst_to_latency": 0.0725,
    "burst_to_delta": 0.0325,
    "burst_to_burst": 0.0525
  }
}