{
  "fold": 5,
  "encodings": [
    "direct",
    "rate",
    "phase",
    "latency",
    "delta",
    "burst"
  ],
  "matrix": [
    [
      0.5375,
      0.0475,
      0.04,
      0.0375,
      0.0225,
      0.1275
    ],
    [
      0.0675,
      0.25,
      0.02,
      0.0225,
      0.04,
      0.07
    ],
    [
      0.0525,
      0.045,
      0.2075,
      0.1825,
      0.0325,
      0.06
    ],
    [
      0.0325,
      0.0225,
      0.215,
      0.185,
      0.045,
      0.0425
    ],
    [
      0.0275,
      0.045,
      0.0225,
      0.02,
      0.05,
      0.035
    ],
    [
      0.0525,
      0.0525,
      0.06,
      0.0575,
      0.0625,
      0.0625
    ]
  ],
  "diagonal_accuracies": {
    "direct": 0.5375,
    "rate": 0.25,
    "phase": 0.2075,
    "latency": 0.185,
    "delta": 0.05,
    "burst": 0.0625
  },
  "diagonal_mean": 0.21541666666666667,
  "off_diagonal_mean": 0.05533333333333334,
  "transfer_ratio": 0.25686653771760154,
  "detailed": {
    "direct_to_direct": 0.5375,
    "direct_to_rate": 0.0475,
    "direct_to_phase": 0.04,
    "direct_to_latency": 0.0375,
    "direct_to_delta": 0.0225,
    "direct_to_burst": 0.1275,
    "rate_to_direct": 0.0675,
    "rate_to_rate": 0.25,
    "rate_to_phase": 0.02,
    "rate_to_latency": 0.0225,
    "rate_to_delta": 0.04,
    "rate_to_burst": 0.07,
    "phase_to_direct": 0.0525,
    "phase_to_rate": 0.045,
    "phase_to_phase": 0.2075,
    "phase_to_latency": 0.1825,
    "phase_to_delta": 0.0325,
    "phase_to_burst": 0.06,
    "latency_to_direct": 0.0325,
    "latency_to_rate": 0.0225,
    "latency_to_phase": 0.215,
    "latency_to_latency": 0.185,
    "latency_to_delta": 0.045,
    "latency_to_burst": 0.0425,
    "delta_to_direct": 0.0275,
    "delta_to_rate": 0.045,
    "delta_to_phase": 0.0225,
    "delta_to_latency": 0.02,
    "delta_to_delta": 0.05,
    "delta_to_burst": 0.035,
    "burst_to_direct": 0.0525,
    "burst_to_rate": 0.0525,
    "burst_to_phase": 0.06,
    "burst_to_latency": 0.0575,
    "burst_to_delta": 0.0625,
    "burst_to_burst": 0.0625
  }
}