{
  "fold": 4,
  "encodings": [
    "direct",
    "rate",
    "phase",
    "latency",
    "delta",
    "burst"
  ],
  "matrix": [
    [
      0.6125,
      0.035,
      0.0475,
      0.0375,
      0.0475,
      0.135
    ],
    [
      0.0575,
      0.2,
      0.015,
      0.02,
      0.035,
      0.07
    ],
    [
      0.04,
      0.025,
      0.2375,
      0.205,
      0.0375,
      0.0825
    ],
    [
      0.0325,
      0.0275,
      0.165,
      0.155,
      0.035,
      0.06
    ],
    [
      0.0475,
      0.03,
      0.0125,
      0.015,
      0.0725,
      0.0625
    ],
    [
      0.065,
      0.0575,
      0.0575,
      0.06,
      0.04,
      0.0775
    ]
  ],
  "diagonal_accuracies": {
    "direct": 0.6125,
    "rate": 0.2,
    "phase": 0.2375,
    "latency": 0.155,
    "delta": 0.0725,
    "burst": 0.0775
  },
  "diagonal_mean": 0.22583333333333333,
  "off_diagonal_mean": 0.05525000000000001,
  "transfer_ratio": 0.244649446494465,
  "detailed": {
    "direct_to_direct": 0.6125,
    "direct_to_rate": 0.035,
    "direct_to_phase": 0.0475,
    "direct_to_latency": 0.0375,
    "direct_to_delta": 0.0475,
    "direct_to_burst": 0.135,
    "rate_to_direct": 0.0575,
    "rate_to_rate": 0.2,
    "rate_to_phase": 0.015,
    "rate_to_latency": 0.02,
    "rate_to_delta": 0.035,
    "rate_to_burst": 0.07,
    "phase_to_direct": 0.04,
    "phase_to_rate": 0.025,
    "phase_to_phase": 0.2375,
    "phase_to_latency": 0.205,
    "phase_to_delta": 0.0375,
    "phase_to_burst": 0.0825,
    "latency_to_direct": 0.0325,
    "latency_to_rate": 0.0275,
    "latency_to_phase": 0.165,
    "latency_to_latency": 0.155,
    "latency_to_delta": 0.035,
    "latency_to_burst": 0.06,
    "delta_to_direct": 0.0475,
    "delta_to_rate": 0.03,
    "delta_to_phase": 0.0125,
    "delta_to_latency": 0.015,
    "delta_to_delta": 0.0725,
    "delta_to_burst": 0.0625,
    "burst_to_direct": 0.065,
    "burst_to_rate": 0.0575,
    "burst_to_phase": 0.0575,
    "burst_to_latency": 0.06,
    "burst_to_delta": 0.04,
    "burst_to_burst": 0.0775
  }
}