{
  "fold": 3,
  "encodings": [
    "direct",
    "rate",
    "phase",
    "latency",
    "delta",
    "burst"
  ],
  "matrix": [
    [
      0.465,
      0.04,
      0.05,
      0.045,
      0.02,
      0.1725
    ],
    [
      0.05,
      0.2425,
      0.02,
      0.02,
      0.0325,
      0.06
    ],
    [
      0.0575,
      0.0475,
      0.2325,
      0.1925,
      0.04,
      0.0525
    ],
    [
      0.055,
      0.05,
      0.19,
      0.1775,
      0.0275,
      0.0775
    ],
    [
      0.0325,
      0.025,
      0.0125,
      0.02,
      0.0825,
      0.035
    ],
    [
      0.0575,
      0.035,
      0.055,
      0.045,
      0.05,
      0.0775
    ]
  ],
  "diagonal_accuracies": {
    "direct": 0.465,
    "rate": 0.2425,
    "phase": 0.2325,
    "latency": 0.1775,
    "delta": 0.0825,
    "burst": 0.0775
  },
  "diagonal_mean": 0.21291666666666667,
  "off_diagonal_mean": 0.05558333333333334,
  "transfer_ratio": 0.2610567514677104,
  "detailed": {
    "direct_to_direct": 0.465,
    "direct_to_rate": 0.04,
    "direct_to_phase": 0.05,
    "direct_to_latency": 0.045,
    "direct_to_delta": 0.02,
    "direct_to_burst": 0.1725,
    "rate_to_direct": 0.05,
    "rate_to_rate": 0.2425,
    "rate_to_phase": 0.02,
    "rate_to_latency": 0.02,
    "rate_to_delta": 0.0325,
    "rate_to_burst": 0.06,
    "phase_to_direct": 0.0575,
    "phase_to_rate": 0.0475,
    "phase_to_phase": 0.2325,
    "phase_to_latency": 0.1925,
    "phase_to_delta": 0.04,
    "phase_to_burst": 0.0525,
    "latency_to_direct": 0.055,
    "latency_to_rate": 0.05,
    "latency_to_phase": 0.19,
    "latency_to_latency": 0.1775,
    "latency_to_delta": 0.0275,
    "latency_to_burst": 0.0775,
    "delta_to_direct": 0.0325,
    "delta_to_rate": 0.025,
    "delta_to_phase": 0.0125,
    "delta_to_latency": 0.02,
    "delta_to_delta": 0.0825,
    "delta_to_burst": 0.035,
    "burst_to_direct": 0.0575,
    "burst_to_rate": 0.035,
    "burst_to_phase": 0.055,
    "burst_to_latency": 0.045,
    "burst_to_delta": 0.05,
    "burst_to_burst": 0.0775
  }
}